{
    "optic disk hyperfluorescence": {
        "swin_timm": {
            "last_55": {
                "w_co": {
                    "2e-05": {
                        "1-OCI_validation": 0.8435247175476885,
                        "1-OCI_test": 0.8432743087915502,
                        "accuracy_test": 0.7747747747747747,
                        "f1-binary_test": 0.8735632183908046,
                        "f1-weighted_test": 0.7650749234082567,
                        "kappa_test": 0.5987565066512435
                    },
                    "1e-05": {
                        "1-OCI_validation": 0.8576364839913034,
                        "1-OCI_test": 0.8507837504357472,
                        "accuracy_test": 0.7207207207207207,
                        "f1-binary_test": 0.9069767441860465,
                        "f1-weighted_test": 0.7238766717027587,
                        "kappa_test": 0.5080771979985703
                    },
                    "5e-06": {
                        "1-OCI_validation": 0.8233437444826505,
                        "1-OCI_test": 0.8152296683279131,
                        "accuracy_test": 0.7657657657657657,
                        "f1-binary_test": 0.896551724137931,
                        "f1-weighted_test": 0.7747361647361649,
                        "kappa_test": 0.5773286467486818
                    }
                }
            },
            "last_102": {
                "w_co": {
                    "2e-05": {
                        "1-OCI_validation": 0.8027124765577558,
                        "1-OCI_test": 0.7216020346947309,
                        "accuracy_test": 0.4827586206896552,
                        "f1-binary_test": 0.8387096774193549,
                        "f1-weighted_test": NaN,
                        "kappa_test": 0.28688524590163933
                    },
                    "1e-05": {
                        "1-OCI_validation": 0.6999940098191301,
                        "1-OCI_test": 0.7133368354746432,
                        "accuracy_test": 0.5862068965517241,
                        "f1-binary_test": 0.8461538461538461,
                        "f1-weighted_test": NaN,
                        "kappa_test": 0.3281853281853282
                    },
                    "5e-06": {
                        "1-OCI_validation": 0.7608101107444561,
                        "1-OCI_test": 0.7935256224162116,
                        "accuracy_test": 0.6896551724137931,
                        "f1-binary_test": 0.9285714285714286,
                        "f1-weighted_test": NaN,
                        "kappa_test": 0.5254545454545454
                    }
                }
            }
        }
    },
    "macular edema": {
        "swin_timm": {
            "last_55": {
                "w_co": {
                    "2e-05": {
                        "1-OCI_validation": 0.9048287126429679,
                        "1-OCI_test": 0.85901431413168,
                        "accuracy_test": 0.8108108108108109,
                        "f1-binary_test": 0.9014084507042254,
                        "f1-weighted_test": 0.8241902347862612,
                        "kappa_test": 0.6291759465478842
                    },
                    "1e-05": {
                        "1-OCI_validation": 0.8808744960546926,
                        "1-OCI_test": 0.8936694348773618,
                        "accuracy_test": 0.8558558558558559,
                        "f1-binary_test": 0.958904109589041,
                        "f1-weighted_test": 0.858286474393857,
                        "kappa_test": 0.7244802978591375
                    },
                    "5e-06": {
                        "1-OCI_validation": 0.879706180646994,
                        "1-OCI_test": 0.8819065679375785,
                        "accuracy_test": 0.8378378378378378,
                        "f1-binary_test": 0.9295774647887324,
                        "f1-weighted_test": 0.8509058727601774,
                        "kappa_test": 0.6828067947293222
                    }
                }
            },
            "last_102": {
                "w_co": {
                    "2e-05": {
                        "1-OCI_validation": 0,
                        "1-OCI_test": 0,
                        "accuracy_test": 0,
                        "f1-binary_test": 0,
                        "f1-weighted_test": 0,
                        "kappa_test": 0
                    },
                    "1e-05": {
                        "1-OCI_validation": 0,
                        "1-OCI_test": 0,
                        "accuracy_test": 0,
                        "f1-binary_test": 0,
                        "f1-weighted_test": 0,
                        "kappa_test": 0
                    },
                    "5e-06": {
                        "1-OCI_validation": 0,
                        "1-OCI_test": 0,
                        "accuracy_test": 0,
                        "f1-binary_test": 0,
                        "f1-weighted_test": 0,
                        "kappa_test": 0
                    }
                }
            }
        }
    },
    "vascular leakage": {
        "swin_timm": {
            "last_55": {
                "w_co": {
                    "2e-05": {
                        "1-OCI_validation": 0.9129124603351803,
                        "1-OCI_test": 0.8881711567240091,
                        "accuracy_test": 0.8648648648648649,
                        "f1-binary_test": 0.8260869565217391,
                        "f1-weighted_test": 0.8689437044700202,
                        "kappa_test": 0.6212465878070974
                    },
                    "1e-05": {
                        "1-OCI_validation": 0.9061880504436134,
                        "1-OCI_test": 0.8534320905738965,
                        "accuracy_test": 0.8378378378378378,
                        "f1-binary_test": 0.782608695652174,
                        "f1-weighted_test": 0.8417186417186417,
                        "kappa_test": 0.5433142857142857
                    },
                    "5e-06": {
                        "1-OCI_validation": 0.8766998530063251,
                        "1-OCI_test": 0.8863823846719177,
                        "accuracy_test": 0.8738738738738738,
                        "f1-binary_test": 0.851063829787234,
                        "f1-weighted_test": 0.8735787888729065,
                        "kappa_test": 0.6518037194712076
                    }
                }
            },
            "last_102": {
                "w_co": {
                    "2e-05": {
                        "1-OCI_validation": 0,
                        "1-OCI_test": 0,
                        "accuracy_test": 0,
                        "f1-binary_test": 0,
                        "f1-weighted_test": 0,
                        "kappa_test": 0
                    },
                    "1e-05": {
                        "1-OCI_validation": 0,
                        "1-OCI_test": 0,
                        "accuracy_test": 0,
                        "f1-binary_test": 0,
                        "f1-weighted_test": 0,
                        "kappa_test": 0
                    },
                    "5e-06": {
                        "1-OCI_validation": 0,
                        "1-OCI_test": 0,
                        "accuracy_test": 0,
                        "f1-binary_test": 0,
                        "f1-weighted_test": 0,
                        "kappa_test": 0
                    }
                }
            }
        }
    },
    "capillary leakage": {
        "swin_timm": {
            "last_55": {
                "w_co": {
                    "2e-05": {
                        "1-OCI_validation": 0.9041069566683385,
                        "1-OCI_test": 0.893409034913272,
                        "accuracy_test": 0.8738738738738738,
                        "f1-binary_test": 0.76,